type,Total Frauds,Avg Transaction Amount
CASH_IN,0.0,175977.4572131734
CASH_OUT,114.0,191590.76830987382
DEBIT,0.0,6856.9326125
PAYMENT,0.0,11831.738408669355
TRANSFER,106.0,706600.3503192094
